AccountName,PageRank
TheAthleticUK,0.022840024520871
GraceOnFootball,0.012576826009976
StatsBomb,0.009463971769258
TheM_L_G,0.009390524149538
Blades_analytic,0.009247804351247
OptaJoe,0.008988550512725
David_Ornstein,0.008646138544651
FFScout,0.008635419487612
OfficialFPL,0.008570311544035
Worville,0.00830614651212
Zonal_Marking,0.007852943265319
MC_of_A,0.007731081937841
LetsTalk_FPL,0.007636506298771
JackPittBrooke,0.00719325746819
AshwinRaman_,0.007064270622555
GaryLineker,0.007014775173274
mixedknuts,0.006880700728591
AFHStewart,0.006709959489124
WGTA_FPL,0.006422190293486
MiguelDelaney,0.006007783218755
HemmenKees,0.006007432576483
lateriser12,0.005998029028957
gunnerblog,0.00595946937045
Stillberto,0.005919995820279
petermckeever,0.005542107866733
oilysailor,0.005245388187533
MoeSquare,0.005077877891223
EveryTeam_Mark,0.00498617220998
ffscout_az,0.004977849679879
jair1970,0.00490233056406
FPLFamily,0.004890145874948
CDEccleshare,0.004811261398691
TifoFootball_,0.00466513357744
NathanAClark,0.004634764883762
Marcotti,0.004627156715041
FFScout_Joe,0.004510024213558
Jon_Mackenzie,0.004423300461689
FFH_HQ,0.004291819405298
KierDoyle,0.004263192691453
YankeeGunner,0.004071366343664
SimonGleave,0.003994771677512
StatsPerform,0.003940312884174
FPLGeneral,0.003919253344647
rogue_wee,0.003909427787082
DannyPage,0.003891285826645
HinduMonkey,0.003890434031777
jonawils,0.00380370933339
FFScout_Mark,0.003702908852344
RorySmith,0.003650140323763
unfitforpurpose,0.003583301399877
SebSB,0.003582248270824
analytic_fpl,0.003558470018074
fkhanage,0.003501315164705
SamLee,0.003465298803975
C_Carpenter14,0.003464683501313
fbref,0.003425685994939
hailcheaters,0.00335899552793
topimpacat,0.00332968012832
DomC0801,0.003278557863901
InfogolApp,0.003139555094956
OptaPro,0.003112422809321
PlanetFPLPod,0.003089105693275
lemonwatcher,0.003045925593185
DavidSRudin,0.003020237637068
Nico_OMorales,0.003002444518879
MarkTaylor0,0.002975609598711
TiagoEstv,0.002959390979813
SamMcGuire90,0.002887823233578
DavidMunday815,0.00282238593238
DaleJohnsonESPN,0.00277693978607
BenDinnery,0.002765669942183
BenCrellin,0.002726373604989
fpl_tactician,0.002722748679578
Flannyballs,0.002716825545921
BassTunedToRed,0.002688117792798
ahopcroft13,0.002672835883474
rramesss,0.002658384072242
nandy_sd,0.002657595018222
footballfactman,0.002641962344524
gunnerpunner,0.002634697643958
MishraAbhiA,0.002625754404734
Orbinho,0.002621599105094
uapersonal,0.002610027262035
RWhittall,0.002609628290246
WhoScored,0.002486264453628
FFCommunity_,0.002464338761384
Twenty3sport,0.002463002343793
BetweenThePosts,0.002456024455233
BigManBakar,0.002452321524251
AnalysisEvolved,0.002422275851289
utdarena,0.00240090318994
LGAmbrose,0.002385328105058
charles_watts,0.002367441339529
stighefootball,0.00236518731569
ChrisSummersell,0.002360085873136
PoznanInMyPants,0.002354421344359
OptaFranz,0.002353301499415
Soccermatics,0.002336080495032
MarkOgden_,0.002323134807323
FPL_Partridge,0.002307320055168
Torvaney,0.002305860192105
ffscout_luke,0.002260424271578
mediocentr0,0.00225125305943
sportingintel,0.002183830901528
jonathanliew,0.002178043604952
SBunching,0.002165847832058
ThatDamnYank,0.002162960761311
GeorgeElek,0.00216241159632
STATS_Insights,0.002153227763993
elpivoteftbl,0.002135038433736
DanKennett,0.002122523995672
johnspacemuller,0.002106766156344
OmarChaudhuri,0.002079082005799
EuanDewar,0.002070975599877
GeoffreyDance,0.002043919752998
GNev2,0.002043488215097
ZachLowy,0.002025503089041
SkontoRigga,0.002013591274588
jburnmurdoch,0.002009789170736
FPL_Connect,0.001997324046638
GregorydSam,0.001997306282166
NinadB_06,0.001985981428967
HB_HeadCoach,0.00198103799539
smarterscout,0.001956667868726
FPL_Salah,0.001942000256467
lucyhighnett,0.001936969117109
HarryMaguire93,0.001935230330437
fplreview,0.001934588670858
etmckinley,0.001932939640327
BTLvid,0.00192762732272
oh_that_crab,0.001925390853827
SaturdayOnCouch,0.001923970564112
ElfFpl,0.00190874842313
ScoutedFtbl,0.001901577583091
MattDoyle76,0.001888196780642
FC_rstats,0.001868695295379
JaviOnData,0.001846799872118
lgopfelix,0.001845334657769
WindyCOYS,0.001830359199579
USMNTvideos,0.001821340285926
stujames75,0.001815690837076
abhisheksh_98,0.001812291494452
21stClub,0.001785095065312
JoremSigurd,0.001783619712411
DarrenArsenal1,0.001768450083061
Millar_Colin,0.001763698549899
OptaSuit,0.001723019644328
GriffinFtbl,0.001713181041213
FPLEditor,0.001694440742161
StatsOnTheT,0.001688085577472
AllStatsArentWe,0.001671256903793
lgbtqfc,0.001667388513992
OptaJose,0.0016599066152
insightMrkt,0.001652482535279
EduardoHagn,0.001638186335508
MetricaSports,0.001628903592975
neilcharles_uk,0.001627331971524
watke_,0.001618933905504
ground_guru,0.001608887845951
fpl_chef,0.001573995765303
jackjcollins,0.00156680867
counterattack9,0.001560417945469
KieranMaguire,0.001557980423815
11tegen11,0.001556596988977
drbenmcnair,0.001551801083426
mostlyinane,0.001548753517843
thehuwdavies,0.001540126263273
Wideoverload,0.001520853568152
bayer04_en,0.001491878839817
BarcaInnoHub,0.00148825475567
Reuser5,0.001482167174818
ZRAFC,0.001481367503283
GoalAnalysis,0.001461646449499
Banouby,0.001451481779514
OptaPaolo,0.001448432753054
babuyagu,0.001439317106889
1Walid1,0.00143459884793
ScoutXd1,0.001431766888249
FanTeamOfficial,0.001428077751203
TennisAusGIG,0.001424235540105
OwenJamesBrown,0.001420080148869
spielvercom,0.00140631751539
roneildinho,0.001403527468589
soccerquant,0.001396981900112
alexfrco,0.001396078791228
Fergi222,0.001395723339219
ChrisWheatley_,0.001388329788848
CholoColcho,0.001379946688144
EightyFivePoint,0.001378813061262
FMAnalysis,0.001367722638127
SanchoQuinn,0.001367157315311
_PaulHayward,0.001361731914083
devinpleuler,0.001349265364298
fplchancer,0.001323356692257
DAHughes_,0.001322803934613
Goalimpact,0.001322081165304
Scribblr_42,0.001319140397657
Gegenpressing91,0.001311652655359
FPL_Rockstar,0.001309577777847
StatsZone,0.001304632289423
ReneMaric,0.001298370171556
FantasyFootyFix,0.001298353764582
GuillemBalague,0.001282546179619
FPLCruyff74,0.001275575153151
FPL_Heisenberg,0.001271883774041
philmcnulty,0.001266681492171
greenallefc,0.001265445546779
SimonBrundish,0.001260989686714
TomGFootball,0.001250110521881
SebC__,0.001247769048848
analytic_footy,0.001246991166171
Matt_Furniss,0.001246894683807
chewingthecoca,0.001236129082633
FPLStag,0.001234886743325
octonion,0.001228326225022
martinlaurence7,0.001224512738561
FIVE__YARDS,0.001216350444246
willow1886,0.001205426231834
goonerdave66,0.001204200611543
AFCAMDEN,0.001200539782406
brunodagnino,0.001196870334423
xGPhilosophy,0.001196251491565
SJConroy17,0.001192333878931
OptaJean,0.001188294938039
DrMukherjeeS,0.001184618189018
SwissRamble,0.001183227077282
mattletiss7,0.001173779758006
AdinOsmanbasic,0.001161746848593
FPL_Chase,0.001154512535273
RyanSoccerAA,0.001150920906822
FPLHints,0.001150542507432
FPLresearch,0.00114212500521
JongsmaJongsma,0.001138134200857
sid_lambert,0.001138049935404
G4gey,0.001122618227849
EuroClubIndex,0.001113055128306
Jhdharrison1,0.001109693825798
ThatGarateyjc,0.001098174319138
JanVanHaaren,0.001095381387462
StatHunting,0.001093168948286
geoffbanksbet,0.001080441723377
BetGeoffBanks,0.001069974858461
TheFPLPrince,0.001067945985402
FPL_ElStatto,0.001064659222912
StatifiedF,0.001058310439127
utd_Visionary,0.001056680375272
_Grimanditweets,0.001050757252767
grantdesmidt,0.001047565728806
FMLFPL,0.001043286602015
FantasianPL,0.001039153712554
jcperez_,0.001032251801534
Tactical_Times,0.001030845944667
lastrowview,0.001017165551485
Sharpovic,0.001017025551959
TikiTakaConnor,0.001015319600092
blharreld,0.000991366268301
TedTalksFPL,0.000984949980286
Wyscout,0.000983649682126
away_goals,0.000977077936621
FplStatsdan,0.000975860897206
FPL_SOS,0.00097257342419
VenkyReddevil,0.000971855069599
StatmanDave,0.000971280333236
laythy29,0.000970461674935
statlurker,0.000967611812029
DeanJonesBR,0.00096312351165
RoyalStatSoc,0.00095914695588
FFH_Will,0.000957569825305
stianwestlake,0.000951175259778
OptaJohan,0.00094933243222
LukeBornn,0.000946344097262
scuffedpod,0.000942713940291
ExpectedChelsea,0.000935787148702
FPL_Audit,0.000932300908952
Joelissimmo,0.00092692576137
LeGrove,0.000923520844685
rwohan,0.000921790883803
AlbionAnalytics,0.000918479323854
90sfootball,0.000917745211498
erikelias_,0.000917550267022
Adroit_Cadet,0.000916751362419
TheAFCBeII,0.000913300455921
thevideoanalyst,0.00091002729754
theFPLkiwi,0.000908138032926
NickTriggerlips,0.000904673204176
sistoney67,0.00089682995123
ryanbahia,0.000896086665927
TacticalFouling,0.000894216040563
MattyAnselmo,0.000892668781947
jonollington,0.000891336122696
ThatGooner,0.00088904927057
cc_eckner,0.000886800713461
FB_WHISPERS,0.000882374693271
UnaiEmery_,0.00088110378708
TotalAnalysis,0.000880933596518
GarryGelade,0.000876982347588
AnalyseSport,0.000874214680699
FPLMatthew,0.000872958213684
_reecechambers,0.000870899203715
tomvictor,0.000869558627406
JmooreQuakes,0.000868661253476
DoublePivotPod,0.000866746976181
SharkoTennis,0.000853452505312
Steviegrieve,0.00084484884981
3AmigosFPL,0.000841958694011
the_spearman,0.000834132846137
cainsmithMU,0.00083030920934
AlexShawESPN,0.000829565389622
dcervone0,0.000824522168549
Tacticsplatform,0.000818444453517
GeoffArsenal,0.00081829280284
PaddyArsenal,0.000816589508868
TiotalFootball,0.000815145167337
ATPMediaInfo,0.000814337490737
TBBodell,0.000809063860271
10akhil,0.00080001169133
afcDW,0.000799419527675
SwansAnalytics,0.000799119687614
Caley_graphics,0.000799042541826
AttackingCB,0.000798565956757
balders93,0.00079854405028
LeeGunner82,0.000794726211674
FPL_JJ,0.000791837813573
Shaharyarsays,0.00079151790088
1kevincampbell,0.00079019991482
FFPundits,0.000787892378548
fcbusiness,0.000786755025019
FPLRoosta,0.000785354008319
JMftbl,0.000781653768008
fplfantasyguide,0.00078012044884
ChrisLuv,0.000779251587062
WillTGM,0.000779004475829
FPLStatus,0.000775236913453
TPiMBW,0.000773815525011
Reunewal,0.000768986342186
kickarseHD,0.000767472924988
DistanceCovered,0.000762906635432
AndyHa_,0.000761429513376
robertnhanson,0.000760437471476
experimental361,0.00076015546374
SciSportsNL,0.000759812434695
karun1710,0.000756626609296
PatrickTimmons1,0.000755860984004
TacticoModerno,0.000752951474751
FplAuto,0.000750846998346
thirtyfeet,0.00073883748247
numberstorm,0.000738619987644
UtterlyTC,0.000737008277281
EricLaurie,0.000734271505755
MartinRafelt,0.000729878505917
Advt_played,0.000728990139825
timpayton,0.000728244604523
ed_aarons,0.000727580908782
blakewooster,0.000727567981082
joe_mulberry,0.000723969379059
colintrainor,0.000722723358836
OsmanZtheGooner,0.000721318126362
FlaFu_tbol,0.000718527146584
TooGoodFPL,0.00071851680192
CoachesVoice,0.000717325706149
FPL_vs,0.000713726076711
nickgoff79,0.000711225028976
markgoldbridge,0.000709521051285
Priya8Ramesh,0.000709396719325
JamesMilner,0.000708684094223
FantasyYIRMA,0.000707925065545
patricklucey,0.000694499957742
903124S,0.000693313505934
Kieran_B91,0.000692038143206
msceducation,0.000690178091675
PenaltyKickStat,0.000689766853281
mike_jeski,0.000689601074434
TheAFCnewsroom,0.000688953650975
JEgersdorff,0.000683217663673
BenSuttonJackal,0.000682542962554
SoccerSaber,0.00068206965905
Tw3rcazette,0.000680509420274
LutonAnalytics,0.000680370552596
AnEnglishGoat,0.000679286106887
Durchiga,0.000675054748548
pwawrzynow,0.000674163086198
ParthAthale,0.000673207547633
FPLPriceChanges,0.000668938657398
reverse_ball,0.00066862631426
JonnyWhitmore14,0.00066693603343
clubelo,0.000661637580631
CatenaccioIG,0.000657566210164
OliPriceBates,0.000649692285877
DaveLaidig,0.00064885620591
trevillion_,0.000643128129538
Macho_Grande1,0.000642508525294
danzn1,0.000642104958892
pkwestel,0.000641707574081
MichaelKeshani,0.000636222062929
barCOLEYna,0.000635849097148
FPLBrain,0.000635654485355
MarkOHaire,0.000635521728467
olivermpw_,0.00063467213499
TheFalseNein,0.000633382496722
FootballJOE,0.000631743071451
unravelsports,0.000627719770749
biscuitchaser,0.000625426649366
TacticalRole,0.000624762152747
TheSquidBoyLike,0.000624246211897
PurelyFootball,0.000623992576991
Sport_Witness,0.000622602950931
FootyScribblers,0.000622369778837
EBL2017,0.000619680525699
Tussendelinies,0.000616384978947
FanalyticsPod,0.000616344419739
Mladen_Sormaz,0.000614765490993
wiscostretford,0.00061260530544
FF_Vader,0.000611838825387
arseblagger,0.000611163841539
LutonTown,0.000601969769597
_FPLtips,0.000598151863792
12Xpert,0.00059634408883
HudlAnalysis,0.000595767325823
FPL_gaffer,0.000595719544079
ARDataAnalysis,0.000594843127228
JCourier1,0.00059442367627
cchappas,0.000592418013544
Sportlogiq,0.000590316826607
SteveBeregi,0.000586968448134
TheKopHQ,0.000583526716567
MarchSimon,0.000582734421219
joedgallagher,0.000581767258655
NutmegRadio,0.000578657965123
JakeEntwistle,0.000574733427819
SemperFiArsenal,0.000571145387265
Legomane_FPL,0.000567039102798
TomPayneftbl,0.000566854960114
FPL_Tim,0.000564587734212
jameso_12,0.000562931692778
AIUnderPressure,0.000561230256498
andrew_puopolo,0.000557621418616
mr_le_fox,0.00055698616084
ToffeeAnalysis,0.000556979556342
kevinminkus,0.000554242904774
markrstats,0.000552203979286
TomDecroos,0.000552136984604
JoshuaABull,0.000551312262789
FootballSlices,0.000548592191457
MessiSeconds,0.000548341052617
IneffectiveMath,0.000547527463224
trippier2,0.000547159892927
AndyGlockner,0.00054651866404
ArsenalColumn,0.000544528438775
Fanteam_UK,0.000544372889246
Dunmoreorless,0.000539645630047
fussballtwit,0.000539386803391
FPLAcademica,0.000537989520013
HandofArteta,0.000537385953642
ArsenalTerje,0.000536505941833
MaitlandNiles,0.000536445643447
MatrixFpl,0.000534992520596
JamesTippett,0.0005344783025
SteMc74,0.000533346728378
FC_Python,0.000533309399939
HLTCO,0.000531302031369
R_by_Ryo,0.000530662056799
PaulMacdFC,0.000530605944529
MrArsenicTM,0.000529448772021
luishusier,0.000528205999667
AbdelBeheri,0.000528190393638
PieterZwartNL,0.000527815568449
brendankent,0.000526286751712
Matt5cott,0.000524963837457
LacaZte,0.000524331714585
FPLJossy,0.000523788974128
LotteBransen,0.000520596214163
FPLShark,0.000516709473672
uncertainty_pod,0.000515049952851
Artekkers,0.000514281929719
louorns,0.000513291789164
RPftbl,0.000512700899008
AAllenSport,0.00051210609108
matchcharting,0.000509966633948
tongueinloftus,0.000508674824355
Eoin_OBrien_,0.000507299919842
From_The_Wing,0.000503996469404
MattKearney92,0.000501082051759
noverheul,0.000499678023664
NilsMackay,0.000498381249622
DymondFormation,0.000497086298428
bertinbertin,0.0004930660542
Robertson_SJ,0.00049212949222
JWTelegraph,0.000491667719855
JamieDalton82,0.000491585457207
MartonBalla1,0.000491396354868
FPLCanuck,0.000489897714471
DyslexicDdue,0.000486198556246
RotationFPL,0.000484818512698
jessejdavis1,0.000483603478023
360Sources,0.000479510195056
LUFCDATA,0.000478107081626
dperdomomeza1,0.000476339784559
stadio,0.000474800850622
robwhickman,0.000474127768585
FutbolBible,0.000472191123667
PaulCarr,0.000472109843016
benjaminpugsley,0.000470455686311
soccermetrics,0.000469979572153
Gameweek38,0.000466305851513
DanielKatona17,0.000462867087021
VoicingFootball,0.000461372849584
p_robberechts,0.000460122074801
skypodcast,0.000459555991104
FPL_Diagnosis,0.000458016492293
FPLdepression,0.000457954744472
PositiespeI,0.000452239428188
AndyForrester1,0.000450298160631
PremierFPLTools,0.000450022850762
raulpelaez_,0.000448805615589
benlyt,0.000448599416925
BrianPrestidge,0.000444998523611
thecomeonman,0.000442807666657
sportdw,0.000442775131813
curtiswoodhous8,0.000440903686737
TheScoutIssue,0.000438974147574
shergul,0.000437317791341
RowzReport,0.00043560175569
penaltyblog,0.000433175894125
barcanumbers,0.000432597578798
Green_Windmill,0.000431119464203
raymondverheije,0.000428800628309
juicysushi,0.00042829272568
WeahsCousin,0.000427909116621
tennisabstract,0.000425981676737
ddoublepivot,0.000425134051469
AFCGally,0.000424181173528
arielle_dror,0.000423952373774
RebantMalhotra,0.000422494123677
d_vatvani,0.000421844703033
AReynolds70,0.00041957071531
robbro7,0.000415144915994
MikkelTokvam,0.000412471537206
WorldFootballi,0.000411626480898
AlexRathke,0.000411402983392
fpl_equation,0.000410094400932
BeesTactical,0.000409859821425
paulboanas,0.000407647424001
SocanalysisHQ,0.000407483134967
Other14The,0.000406326548374
tiki_taka_co,0.000405673731467
JaredEYoung,0.00040505559691
FPL_Junior,0.00040462683491
paul_tomkins,0.000404172504214
CriticFootball_,0.000402476652482
RahulIyer32,0.000401627319315
alifakharany,0.000400759849961
Ramorey_FPL,0.00039745489943
LCFC_Analysis,0.000393436942266
hughwizzy,0.00039184236704
ChicagoDmitry,0.00039128280625
FPLPiglet,0.000391223322226
YAMiAM9,0.000389353786047
elspanishgooner,0.000383281967014
outofcontextars,0.000381660281538
OptaCan,0.000380365271356
SarriesKid10,0.00038013674046
donceno,0.000379094803682
PremLeaguePanel,0.000379038912766
InStatFootball,0.000378882509861
MacRob85,0.000378247088427
DylanBuesnel,0.000378200404368
tanmorgul,0.000377744446612
atosoccer,0.000377617989481
macro_football,0.000377362124263
FPL_Guidance,0.000375068767637
TerjeGIFs,0.00037505941362
ged0407,0.000374707349918
SamGoldberg1882,0.000373960171469
RasmusAnkersen,0.000373874984194
FF_Trout,0.000373727995495
PySportOrg,0.000373501573983
EliteFPL,0.000373479485515
Billie_T,0.000371846389187
ShababHossain13,0.000368226645146
JordanDunathan,0.000367304377975
JECook96,0.000365919451927
BeesAnalytica,0.000363171063435
FTStands_,0.000362982976392
LargeScaleSport,0.000360266203436
AnalyticsFC,0.00035838301941
CharlieNData,0.000357655162048
goalprojection,0.000355272117542
DLRbrts,0.000355114409356
RobinWilhelmus,0.000354212264489
bartf,0.000354200486631
DailyCannon,0.000353294828231
SecondSpectrum,0.000351988085523
farhm22,0.000351488760479
WorldwideAFC,0.000351330448624
FPLSeagull,0.000351004131929
FPLPoDiff,0.000350542713116
pablo48pr,0.00034951953573
rodrigoccc97,0.000347025429533
UnderstatXG,0.000346712922732
davehillierr,0.000342299522032
GeorgeBall95,0.0003420192795
CaptnGuardiola,0.000341631962157
cdavison_afc,0.000340208979998
FPLraccoon,0.000339776633024
Soumyaj15209314,0.000339234685242
MikeTreacy,0.000338349661401
letsallsoccer,0.00033834579785
11pts1win,0.00033831760278
alasdairtweets,0.000338223815137
CalledItFPL,0.00033813774862
sebestyendaniel,0.000338026843839
sbourgenforcer,0.000336969294872
PHChess,0.000335611650238
samuelJayC,0.0003351554786
ToTal_ftbl,0.00033505908938
FPLTV,0.000333586824648
Dynamite_76,0.00033179564864
lvanden,0.00032898071006
11v11Sam,0.00032880574496
saintsbynumbers,0.000328693164172
karlsentk,0.000327964259465
D4N__,0.000327594139649
suds_g,0.000326630854996
secwal,0.000326510753267
ryanlam142,0.000326248622227
ianlynam,0.000326209033255
SoccerInsider,0.000326186721538
TheFPLNacho,0.00032522975484
KubaMichalczyk,0.000323757086404
joeclowery,0.000323666110816
SergioMinuto90,0.000322800254729
FPLBrit,0.000321646513416
PeraltaFran23,0.000320870430373
FPL_FC,0.000320719720121
OptaJim,0.000320256660305
FinerMargins,0.000319487853974
Samirak93,0.000317605733699
GameFlowxPG,0.000316989731105
DeludedBrendan,0.00031604229991
SAnalyticsBlog,0.000315838631487
registability,0.000315183876647
GavHutchinson,0.000315106720234
MarkCarey93,0.000314757501009
BRGMarlow,0.000314182091156
theonenil,0.000312420482672
AlexBelinger,0.000312050299384
ChanceAnalytics,0.000311936079199
DarkishJungle,0.000311459751191
PannasNutmegs,0.000311445023652
JonEngebret,0.000311181654041
JRcentre,0.000310765015361
michael_karbach,0.000310673891821
DectechSports,0.00031060996256
fabianhcs,0.000309741732162
ArneBarsnes,0.000309604126599
RenegadesFpl,0.000309394642876
edsulley,0.000307992044952
HotspurRelated,0.000306083879566
jalapic,0.000304297771406
CraqueStats,0.000304290914823
JamesWGrayson,0.00030356135391
Odriozolite,0.000302148051371
sszy,0.000301556212874
xenophar,0.00030148524883
dlareg49,0.000301452497437
beeryball,0.000301429135004
Peter_Clark23,0.000300944664591
Bammers05,0.000300130946181
aSamGreen,0.000298096341771
ZelusAnalytics,0.000297819359064
stupidradarguy,0.000297058378812
VillaAnalytics,0.000296495094339
Frankie_Hobbs,0.000296490095684
Varun_esque,0.000295932007386
FplPresident,0.000294946842451
stephendeyoung,0.000294626162955
RhysCarr86,0.000292966366919
TarasconAdrien,0.000292851532499
nick_utd7,0.000292490461828
lufcblog_,0.000290840288795
InfernoSix,0.000289807452628
analyst_fpl,0.00028972639128
TheHaIfSpace,0.000289057660561
TurkiyeBlizzard,0.000286579263556
danny_pugsley,0.00028608453419
blues_breakdown,0.000285954553446
tocfcws,0.000284508762039
DaniBRayoga,0.000284073068888
JordanWiemer,0.000283734334185
PLScience,0.000283668461421
bootifulgame,0.000282713067181
cantdrawarsenal,0.000282243991481
Owain_Thomas,0.000282191756273
S2Stats,0.000280570741099
opisthokonta,0.000279642275416
DocAFC_,0.000279619256548
FPLConnor,0.000276328219858
alicesweeting,0.000276168250091
fpl_shiny,0.000276012990883
pmarques82,0.000276001697391
PSGalu,0.000275171551988
MCFCGavinFleig,0.000274429571885
reluctantnicko,0.000274239858135
FplRogue,0.000273660515119
mbclarkson23,0.000273175057586
BarryMacFPL,0.00027255585671
Sam_Jackson94,0.000271981971263
nana_alaouie,0.000271382897378
undervalu,0.000269867744574
DatoBHJ,0.00026898653331
We_R_PL,0.000268976246323
fpl_delboy,0.000268234018246
BiggarsInParis,0.000267801714538
TheBackpassRule,0.000265660586033
SportsDataChal,0.00026546463203
Mister_Numbers,0.000264631348883
natefc,0.000263864589487
MrTS44,0.000263330630308
FFH_greenarrow,0.00026295415319
srudd_ok,0.000262376358926
StatsBombIQ,0.000261497951711
EPLIndex,0.000261333399074
ArsenalFCView,0.000261224553305
BestFootyPieces,0.000261141029531
miguelrios__,0.000259549795705
Tactalyse,0.000259345185984
Walid_4,0.000259275102906
14Djc,0.000258692482977
DaveQuartey,0.000258666598591
MartinWengrow,0.000258310592151
delaatsteman,0.000258237656225
TonyElHabr,0.000257880489529
slothfulwave612,0.000256532059523
footchess,0.000256499572729
fplpoland,0.000253357339593
PR_WhoRu,0.000252420662398
jbcfc__,0.000252254506303
fplscrapR,0.00025192698337
Recoba101,0.000251287461197
Raghy78d,0.000250376566128
impect_official,0.000250138774715
FPLFujtown,0.000249341973883
TheFPL_Analyst,0.000249121897876
FPLdiary,0.000249001951087
the_number_game,0.000248396988603
JFsports1,0.000247950290259
matsdldb,0.000247276643863
NeilBrooksAFC,0.000247172005367
TheWAddress,0.000247115274129
AleksanderVN,0.000246197347645
HipsterManager,0.000244338198677
Redknapp,0.000242665206106
cartilagefree,0.000241050757423
MessiMinutes,0.000240347742961
fpl_tornado,0.000239484433207
Abel_Lorincz,0.000238030931944
Nick_FootballPA,0.000237979471022
DayvyFPL,0.000237927093167
DavidSally6,0.000237590394012
petejleonard,0.000237533235661
barca_natics,0.000234088156103
susanaferreras,0.00023329131249
andthenthehex,0.000232746163211
AdsIyer,0.000231870736142
wengerknowsbest,0.000231818430065
NorthBankNadim,0.000231550147098
girela_d,0.000230948640285
ENBSports,0.000230364837076
parmamaniac,0.000230309966403
vaastav05,0.000230034292316
GoalCharts,0.000229717570345
ismaelgomezs,0.00022925074192
TimBayer93,0.000228864729135
edAfootball,0.000228810360756
FplOpinion,0.000226556707145
CarlBovis_AFC,0.000226451298773
ABlake7,0.00022614834243
busi1325,0.000225661768513
leejmooney,0.000224923907114
jernejfl,0.000224770304605
FPLRatchet,0.000224270878278
andre_brener,0.00022424502363
JamesRaulStokes,0.000223555469411
fantomen,0.000222082695122
Catenaccio,0.000222052088503
nomerenem,0.000221281246504
VigneshJayanth1,0.000221193553044
mtthwmn,0.000220515932053
PausaFutbol,0.000220282006783
GuillGautier,0.000220186871374
soccerlogic,0.000219957956661
ObjectiveFooty,0.000219942634296
ferdiaoh,0.000219621060596
PositionaIPIay,0.000219586920733
TalkingLaLiga,0.000219412172458
vdeboode,0.000219395094028
Ben8t,0.000219019908406
sophiet0m,0.000218894044288
sertalpbilal,0.000218452439198
CannonInsider,0.000218431097839
AnyoneButWenger,0.000216905137575
arsenalrising,0.000216869324658
andyH921,0.000216342830483
math_safe,0.000215764226573
seek_objective,0.000215022168977
Orangeiceman10,0.000214693698137
AnnOdong,0.000213972233449
zorba138,0.000213258836688
openGoalCharles,0.000212920225743
thesignigame,0.000212866373264
ProformAFC,0.000212685626212
CrabStats,0.000212352729699
AFCTempo,0.000212192219507
driblab,0.000211759982939
Faux_Denim,0.000211351550084
hodar_,0.000211072054808
fplAnalytics,0.000210970098945
PauMadrero,0.000210230867358
goatzil10,0.000209950084477
FLSimulator,0.000209535245957
KTStockwell,0.000209137499364
ArabAnalytics,0.000209105890979
FPLStatto,0.000208818059832
rjtavares,0.000208387349801
SimonCavalini,0.000207692683644
FplToast,0.000207690431472
mrfixitstips,0.000207116044097
FunnyGooner,0.000206869719903
FPL_TT,0.000206519772918
thewonderofmu,0.000206451467634
pete_bezzer,0.000206349240937
TFAsystems,0.000206279320087
philhollenhorst,0.00020626097288
MatPilotto,0.000205878878724
bojochris,0.000205589109373
FPLoverthinker,0.000205461404951
SW6Stats,0.00020516301394
blogistuta,0.000204012202828
saeeeeru,0.000203820557532
WTFPL101,0.000203274744485
footyquant,0.000202833443455
dingosports,0.000202674314164
conzblut,0.000201934343005
ASRomaData,0.000201710690336
msocanalytics,0.000201617657965
AK_FPL1,0.000201281354689
tallen_5,0.000200615947706
ALeague_Apart,0.00020032730922
TLMAnalytics,0.00020012644685
juzbo,0.000200097093236
FPL_Shaman,0.00019986209235
ali_shash,0.00019971820751
FFH_Fanteam,0.000199491862996
pray4greys,0.000199478372625
fantfoottipster,0.000199335812014
The_Woolster,0.000199222649121
FussballRadars,0.000198963463472
insidefantasypl,0.000198495775501
Player_Elo,0.000197649163533
yeunm,0.000197250165851
FPLBraveheart,0.000196817178844
RickLenders,0.000195306628088
ismailtari_,0.000195125578561
teouchanalytics,0.000195057195542
MichaelJBell09,0.000194711660458
Ozilaccuracy,0.000194107629686
FPL_Research,0.000194076218788
ZeeDees,0.00019400061995
BenCAlamar,0.000193989773467
soccer_detail,0.000193821411373
SoccernomicsLtd,0.000191938291895
Habozekry,0.00019130881067
Satreeee,0.000191259850154
FourFourTweet,0.000190180651439
CharlieERandall,0.000189843592378
SepakbolaCerdas,0.000188527932878
JPJ_deJong,0.000188289155358
Tennisratings,0.000188087583997
spiideo,0.000187139395165
ArsenalGoaIs,0.000186689378947
FPLDavidoff,0.00018642363803
footyinthecloud,0.000186358504922
rerunnat,0.000184752729884
goaldenera,0.000184666298319
brettrainbow,0.00018426690298
tifosy,0.000183870810678
insidethierry08,0.000182953883395
bri__t,0.00018291769897
edthompsn,0.000182488547813
NUFCAnalytics,0.000181701386346
footyfragmento,0.000180848929648
shrew123,0.000180105503312
deltatre,0.000179763168556
MarkG_Arsenal,0.00017968835546
PainInThArsenal,0.00017964463437
Kloppholic,0.000179556220665
shots_on_target,0.000179423669729
FantasyFootyMag,0.000179354387539
B90Football,0.000179111605568
FPL_Fish,0.00017858178504
jpborsos,0.000178571808505
7heCanMan_,0.000178536423523
TylerRichardett,0.000178392605842
raghoonandh,0.000178335714018
SpreadexSport,0.000178011777751
scotty779,0.000177235868123
SanderFMC,0.000177222698655
_FPLMindset,0.000177031545371
thestatszone,0.000176869916443
tomfenley,0.000176716346508
ParryMalm,0.00017666104439
OneShortCorner,0.000176476977841
SignalityAI,0.000176473098389
cacollinson,0.000176468540073
redrobbery,0.000176407951921
markclare1992,0.00017640084911
dbright_14,0.000176202527144
FPL_Commentator,0.00017591838469
Huapis,0.000175729435595
FPL_Kid,0.000175638543339
clockend_talk,0.00017546912445
aej11x,0.000174678840804
FPL_GOAT,0.000174537806039
RuiMarcelino4,0.00017406902119
TeamTalkFrimps,0.00017337773057
Hxldinho,0.000173321308129
JohnMcManus06,0.000173301511719
AlexWylie,0.00017329538498
AdamDatasmith,0.000172951966085
biteschoco,0.000172561947204
Goonermatt1886,0.000171904115335
___knighty,0.000171784780696
djtsumpter,0.000171671608464
FPLHAL,0.000171615420164
drilytics,0.00017122787486
thespursscout,0.000170977714269
MCRumpf,0.000170941102696
alexvoetbalt,0.000170186840739
Afcpmg,0.000170050427442
AntMcfc__,0.000169758096073
BLarrousse,0.000169734770984
fussballquant,0.000169370628422
AFCfansHQ,0.000169205745156
balbezit,0.000169177567277
FPLfootballpoll,0.000168380942174
amftbl,0.000167831784623
thesoccerswell,0.000167572772025
Soccerstarzltd,0.000167468324535
MaxOdenheimer,0.000167394296566
jaron_michal,0.000167193553926
YusufsTeam,0.000166876737801
FPLJesus,0.000166839782203
piratenkoekjes,0.000166022890868
GloballCoach,0.000165975984758
rtidbdtr,0.00016594862784
JustOffsidePod,0.000165814681184
ScoutMates,0.00016554119634
Otis_Nelson,0.000165535871257
TRKingston,0.000165460037164
FutBoViz,0.000165220640032
YousseFares,0.00016516771441
sasank777,0.000165112349368
fpl_analysis,0.000165076877324
LindePer,0.00016493719262
FootyNumb3rs,0.000164846983859
J1tokei,0.000164571871743
XGEEFAX,0.000164240294278
FPL_Review,0.000163931434024
HighburyN5_93,0.000163599020129
FPLTracker,0.000163056922821
ElTelFPL,0.000163006368251
FussballJames,0.000162739048379
unarsezer,0.000162378901514
SuperleagueEu,0.000162252073556
DerFussbalI,0.000162234726521
TheArsenalChris,0.000161952534304
Moneyball_FPL,0.000161905774065
TMFootyFinance,0.000161844713331
PeterTFootball,0.000161321174337
eddwebster,0.000160790971306
ContextIsKing9,0.000160199868199
joeferrelly,0.000159605232868
bartschotten,0.000159345612972
GedMoor,0.000159004618072
kbalt17,0.000158994949889
GeniusSports,0.000158688276105
JackFrenchFPL,0.000158491868277
vstolbunov,0.000158197585982
bill_gerrard_,0.000158075181626
tijsrokers,0.000157940144183
james_a_leonard,0.000157654095378
CoachCostin,0.00015744778873
ArsenalTSN,0.000157401950189
cl_ftbl,0.000157089456337
mvrray,0.000157011236746
Rollan__,0.000156547808628
fpl_radar,0.000156439225111
albrookshawAFC,0.000156437542888
dougiewright27,0.000155904946027
49ShadesOfAFC,0.000155825549856
PDtwbx,0.000155782337985
GreedyGooner,0.000155727639765
torebjorheim,0.000155647344139
DavidMcDou,0.00015562046427
fran_goitia_,0.000155541511811
FOverlord,0.000155473389056
Gunnerball66,0.000155404244869
centralwinger,0.00015531439134
XaviGuila,0.000155283770058
OptaJaya,0.0001552406527
youreplayingit1,0.000154887386297
allfpltips,0.000154534468808
LRitmeester,0.00015453239997
Transfers,0.000154420568118
RobRedmond10,0.000154382404289
Pricey_L,0.000154376429367
mihail_v,0.000154101041398
CardinalsViz,0.000154079605153
PTR_NFL,0.000154079605153
RonArsenalFC,0.000153871522565
plan_of_t,0.000153812815583
sid_fury,0.000153619988001
NDK_Sports,0.000153461821263
Iouis82,0.000153370891976
afclucyyy,0.000153314268898
FootballerWikis,0.000153200218441
FindingCotton,0.000153134416004
JordanSadler_,0.00015283056439
arsenaloaccount,0.00015283056439
OrionTactics,0.00015283056439
8sunridge,0.00015283056439
SquadGuru,0.00015283056439
PowerBIguy,0.00015283056439
AnalyticsFF,0.00015283056439
thegooooo,0.00015283056439
ed_analysis,0.00015283056439
fpl_Miguel,0.00015283056439
billybutton1,0.00015283056439
VerySharpy,0.00015283056439
talsc_,0.00015283056439
bhavya_1411,0.00015283056439
comicalklopp,0.00015283056439
AydanAzzar,0.00015283056439
JGarciaValera,0.00015283056439
ChrisPezPerry,0.00015283056439
JonOrbach,0.00015283056439
tcarsenal,0.00015283056439
QSAOqueens,0.00015283056439
rawanimalfoods,0.00015283056439
EliteAuba,0.00015283056439
GlobPlayerIndex,0.00015283056439
